age,bisexual,gay,straight
20,,20000.0,86250.0
21,20000.0,,37222.22222222222
22,20000.0,,74615.38461538461
23,20000.0,30000.0,59782.608695652176
24,,42000.0,123965.5172413793
25,,50000.0,116081.08108108108
26,80000.0,196666.66666666666,92133.33333333333
27,50000.0,45000.0,106315.78947368421
28,50000.0,40000.0,98020.83333333333
29,,38333.333333333336,81894.73684210527
