age,bisexual,gay,straight
50,,50000.0,71428.57142857143
51,,40000.0,67500.0
52,30000.0,20000.0,86000.0
53,,,60000.0
54,,,96666.66666666667
55,,,71111.11111111111
56,,60000.0,240000.0
57,1000000.0,40000.0,70000.0
58,,,80000.0
59,,,45000.0
