age,bisexual,gay,straight
30,60000.0,58333.333333333336,83846.15384615384
31,,100000.0,128378.37837837837
32,,302500.0,147560.9756097561
33,,66000.0,111864.40677966102
34,,73333.33333333333,103076.92307692308
35,30000.0,62000.0,101777.77777777778
36,,50000.0,144871.79487179487
37,,60000.0,90769.23076923077
38,,115000.0,91282.05128205128
39,,60000.0,95333.33333333333
